dni,name,surname,email,phone,address,numberrange
03073511I,Lareina,Dominguez,accumsan.laoreet@gmail.es,+34 642940371,Ap #420-1082 Aenean Rd.,Cambrer
93675260A,Jayme,Fernandez,non.cursus@lasso.cat,+34 666983893,Ap #160-6713 Ante. Ave,Neteja
78312796L,Wayne,Mora,magnis.dis@gmail.com,+34 619472433,3714 Mattis Rd.,Repartidor
43035645W,Jemima,Herrero,egestas.fusce.aliquet@lasso.es,+34 616457482,Ap #370-4983 Egestas. Rd.,Cuiner
19532297L,Brian,Caballero,erat.vitae@outlook.es,+34 663348029,"P.O. Box 907, 2342 Consequat Road",Cambrer
89520302K,Halee,Gomez,vitae.sodales@gmail.es,+34 654379580,Ap #128-104 Consectetuer St.,Neteja
75309307B,Ignacia,Duran,et.rutrum@lasso.com,+34 617576228,"P.O. Box 433, 5826 Vestibulum Avenue",Neteja
63192928L,Rhea,Leon,tortor@outlook.cat,+34 652815247,Ap #634-8426 Fusce St.,Cambrer
85836179X,Jolene,Sanchez,nec@lasso.com,+34 629277200,"P.O. Box 547, 6517 Pede, St.",Neteja
46312434F,Jorden,Vazquez,luctus.sit@outlook.com,+34 644451179,"Ap #725-8375 At, Av.",Cambrer
54203177G,Caesar,Muﾑoz,dui@lasso.cat,+34 660435514,796-4136 Elit Avenue,Neteja
34194073G,Herrod,Santos,nulla.eu.neque@outlook.com,+34 696775137,Ap #421-7023 Magna Rd.,Gerent
91263754E,Mercedes,Pascual,etiam.bibendum@gmail.com,+34 689683636,Ap #595-7799 Ut Av.,Neteja
24803099K,Dara,Miguel,lorem.lorem@lasso.cat,+34 606518868,868-586 Ornare Street,Gerent
61853145S,Baker,Medina,quisque.varius@outlook.cat,+34 632894756,1964 Congue. Rd.,Gerent
33627580V,Boris,Molina,aliquam.enim.nec@outlook.com,+34 687138690,"8941 Id, Street",Cuiner
97399021G,Sade,ﾑez,varius.nam.porttitor@outlook.cat,+34 677314067,194-5212 Feugiat. Road,Cambrer
73997450T,Duncan,Ferrer,quisque.fringilla.euismod@outlook.com,+34 625769954,Ap #504-3025 Laoreet St.,Cuiner
36323981G,Willa,Vazquez,magnis.dis@gmail.es,+34 603353465,"477 Vitae, Rd.",Neteja
85318490H,Harrison,Merino,tempor.lorem@gmail.cat,+34 648332484,Ap #770-6003 Tristique St.,Cuiner
96617381D,Zenia,Nuﾑez,tincidunt.orci.quis@outlook.es,+34 660378571,244-6350 Semper St.,Neteja
46765450D,Anjolie,Castro,facilisis.facilisis@lasso.cat,+34 642966717,139-205 Non Rd.,Gerent
38555357C,Howard,Crespo,nisi.aenean@outlook.cat,+34 667144318,371-340 Erat St.,Neteja
29144138Z,Steel,Pastor,erat.in@gmail.com,+34 688918614,Ap #158-8525 Convallis Road,Gerent
60482206L,Hanna,Prieto,tellus.aenean.egestas@gmail.cat,+34 673688979,291-4444 Ante Av.,Cuiner
17359967P,Orlando,Delgado,interdum.curabitur.dictum@outlook.cat,+34 666689462,3167 Ac Av.,Neteja
44103966W,Ivana,Ruiz,pellentesque.ut.ipsum@outlook.es,+34 645807747,769-2605 Pharetra Av.,Cambrer
21928157V,Jakeem,Herrera,posuere.cubilia@lasso.com,+34 697174333,"P.O. Box 932, 7272 Mauris Av.",Neteja
73785806Z,Lewis,Reyes,cras.vehicula@gmail.cat,+34 641421365,Ap #490-1704 Cum Street,Repartidor
58633109A,Vincent,Gutierrez,mollis.duis@gmail.com,+34 651845127,971-2663 Sagittis Ave,Cambrer
91541402M,Regina,Ortiz,euismod.mauris.eu@gmail.cat,+34 648053196,"114-8136 At, Rd.",Neteja
75909285X,Ima,Herrera,ullamcorper@outlook.com,+34 632907792,"Ap #270-4348 At, Street",Cambrer
91748871E,Patience,Serrano,vestibulum.mauris@gmail.es,+34 643413845,2125 Aliquam Rd.,Neteja
52057863Z,Shafira,Andres,augue.porttitor.interdum@outlook.com,+34 667971250,Ap #814-6549 Et St.,Neteja
21637647H,Elliott,Medina,blandit.at@gmail.com,+34 676557177,Ap #770-1112 Tellus Street,Neteja
74037166E,Lyle,Vidal,sapien@outlook.com,+34 622681787,"P.O. Box 994, 7153 Elit St.",Cuiner
33532173R,Vincent,Pascual,ornare.placerat@outlook.com,+34 601706752,Ap #894-2957 Mattis Rd.,Gerent
00928905B,Aurelia,Gomez,neque@gmail.es,+34 627847168,Ap #427-5646 Proin Ave,Cuiner
37313820B,Nash,Garcia,dui.fusce@lasso.com,+34 614268562,"P.O. Box 290, 2097 Adipiscing St.",Gerent
81925201C,Tatum,Martin,risus.at@outlook.com,+34 658072461,146-6488 Faucibus Avenue,Neteja
57147681P,Tyler,Ramirez,amet.nulla@gmail.com,+34 634414449,Ap #631-681 Hendrerit Ave,Repartidor
83635806W,Suki,Ortega,aliquet.vel.vulputate@gmail.es,+34 668364737,5224 Sagittis. Avenue,Neteja
72084498W,Bryar,Marquez,dictum@lasso.es,+34 651452894,Ap #668-363 Dolor Ave,Repartidor
15113912L,Desiree,Lozano,auctor.odio@outlook.es,+34 683865309,Ap #186-278 Mus. Avenue,Cambrer
56730588N,Emily,Fernandez,non.ante.bibendum@lasso.com,+34 666071472,240-7443 Adipiscing Ave,Cambrer
59745632D,Ursula,Nuñez,tellus.phasellus@gmail.es,+34 663123145,901-2088 Sed Rd.,Repartidor
11939143G,Damon,Alvarez,eros.non@lasso.com,+34 609425837,"Ap #661-990 Consequat, Avenue",Repartidor
34370381K,Dahlia,Hidalgo,neque.morbi@gmail.com,+34 651245326,636-5215 Consectetuer Road,Neteja
24661688K,Leilani,Dominguez,lorem.vitae.odio@lasso.cat,+34 687123266,Ap #636-8562 Dictum Avenue,Neteja
26969542M,Wade,Torres,cum.sociis@gmail.es,+34 676262947,307-5345 Pellentesque Av.,Repartidor
46916737C,Beau,Morales,dapibus@outlook.cat,+34 615626629,"P.O. Box 666, 6943 Purus. Avenue",Cambrer
48682187J,Jamal,Garcia,nisl.arcu.iaculis@outlook.com,+34 678610631,416-6299 Facilisis Street,Gerent
12558929I,Perry,Hernandez,non.egestas.a@outlook.cat,+34 671486241,Ap #186-703 Ac Ave,Cuiner
86838578O,Barry,Morales,convallis.est@lasso.com,+34 627940119,4590 Nec St.,Repartidor
20616157N,Jayme,Mora,orci.ut.semper@outlook.es,+34 634573837,255-7137 Sed St.,Gerent
15002720B,Dorian,Diaz,diam.proin.dolor@outlook.cat,+34 622166928,382-3629 Lorem Road,Neteja
93753075G,Roanna,Saez,mauris.id@outlook.com,+34 620638273,875-5735 Congue Street,Neteja
91153399R,Jenette,Rubio,eu.sem.pellentesque@gmail.com,+34 653236742,Ap #428-9500 Mauris Ave,Cuiner
51368402Y,Christine,Gonzalez,mi@lasso.com,+34 668520582,Ap #461-2930 Facilisis Road,Neteja
88309661A,Hedwig,Pardo,curabitur.massa.vestibulum@gmail.es,+34 648231265,"P.O. Box 956, 2517 Ligula Street",Cuiner
49742419O,Cassidy,Carmona,auctor.quis.tristique@lasso.cat,+34 624143431,Ap #151-3387 Dui Avenue,Neteja
55434131I,Devin,Gil,nulla.eget@lasso.cat,+34 621440876,987-1954 Purus St.,Repartidor
79609268M,Quin,Torres,lacinia.mattis.integer@gmail.es,+34 678217147,Ap #674-1950 Dapibus Street,Gerent
41631184I,Tamara,Blanco,leo.vivamus@lasso.com,+34 654644752,937-3281 Non Av.,Cambrer
91325811O,Ishmael,Cano,velit.aliquam@outlook.cat,+34 642918314,Ap #768-3797 Quis Street,Repartidor
13572168C,Wallace,Miguel,magna@lasso.cat,+34 656230266,964-6674 Magnis Street,Cuiner
60922784W,Burke,Blanco,pede@lasso.es,+34 667035940,135-5284 Venenatis St.,Neteja
83976992V,Mufutau,Nieto,purus@gmail.cat,+34 684186040,Ap #676-2722 Et St.,Cuiner
01270130U,Tarik,Aguilar,penatibus.et.magnis@gmail.com,+34 619483188,8210 Pharetra Rd.,Cambrer
29912435Y,Jack,Prieto,in.cursus@lasso.com,+34 643424903,Ap #889-3989 Eu Rd.,Cambrer
84370592U,Michelle,Caballero,id.libero.donec@lasso.es,+34 663311238,Ap #552-1155 Tellus Rd.,Cambrer
73419415A,Norman,Navarro,nec.ante.maecenas@lasso.cat,+34 678141658,"P.O. Box 284, 1063 Consectetuer Street",Cuiner
87785975Z,Solomon,Moya,sit.amet.risus@gmail.cat,+34 681310893,4559 Porttitor Rd.,Cuiner
76082720O,Jaime,Rubio,posuere@lasso.cat,+34 641696631,"Ap #224-5741 Et, St.",Repartidor
49507383K,Oscar,Cabrera,sed.eu.nibh@lasso.com,+34 654296625,993-7401 Egestas. Street,Gerent
61543933L,Maxwell,Navarro,lacus@lasso.es,+34 635754140,866-2187 Sagittis Avenue,Neteja
18651232A,Ciara,Marquez,id.ante@lasso.cat,+34 643967650,Ap #362-7592 Mauris Rd.,Neteja
58894659E,Kyla,Redondo,eleifend.vitae@lasso.cat,+34 668131127,"P.O. Box 453, 3311 Elit St.",Gerent
23075487O,Ori,Campos,vel.convallis@lasso.cat,+34 631823373,Ap #218-6407 Auctor Ave,Neteja
21391233A,Tatyana,Herrero,amet.risus@gmail.es,+34 635411118,"P.O. Box 449, 3018 Donec Avenue",Cuiner
88726885N,Thaddeus,Gonzalez,magna@lasso.es,+34 683848167,Ap #330-9129 Sed Road,Cambrer
56649676X,Olivia,Marti,a.felis.ullamcorper@gmail.es,+34 665644063,2343 Eget Avenue,Cambrer
93569877V,Chadwick,Marquez,varius.orci@gmail.cat,+34 682565781,2029 Eu Avenue,Neteja
15609775A,Brody,Prieto,fringilla.ornare.placerat@outlook.es,+34 600843632,141-6883 Neque. Road,Cambrer
90181172Z,Bianca,Nuñez,tristique@gmail.es,+34 686276860,Ap #389-8651 Justo Ave,Neteja
03539946S,Noble,Bravo,mi.felis@lasso.cat,+34 695083504,2600 Mauris St.,Cambrer
00340245Y,Richard,Ortiz,eget.ipsum.donec@outlook.cat,+34 687524287,Ap #610-6255 Luctus St.,Neteja
90804186A,Nolan,Ramos,egestas.fusce@lasso.com,+34 629432800,934-3036 Orci St.,Cuiner
87409963Z,Jerome,Santos,facilisis.facilisis@gmail.cat,+34 658623422,"P.O. Box 696, 8267 Ac Avenue",Cuiner
83793169S,Yuli,Muñoz,tellus.nunc@gmail.com,+34 645334828,321-739 Justo. Street,Neteja
94440543Y,Stacey,Torres,morbi.non@outlook.com,+34 664115695,567-7671 Et St.,Gerent
82242844C,Rigel,Pardo,et.netus.et@lasso.cat,+34 617496389,Ap #886-3638 Metus Street,Neteja
40254897D,Zeph,Garcia,porta.elit.a@lasso.cat,+34 602327861,"P.O. Box 545, 188 Dictum Road",Neteja
35812446Q,Carson,Izquierdo,egestas@outlook.com,+34 638525414,259-9981 Lacus. St.,Gerent
08609132Z,Amela,Aguilar,gravida.sagittis@lasso.cat,+34 653166585,Ap #593-3482 Quisque Rd.,Neteja
96523575F,Diana,Pascual,enim.nec.tempus@lasso.cat,+34 641823487,8515 Fermentum St.,Repartidor
31222438J,Flavia,Vidal,dignissim@lasso.cat,+34 689975605,Ap #219-4174 Cursus Rd.,Gerent
35370940Y,Arsenio,Moreno,turpis.vitae.purus@outlook.com,+34 658852503,362-6175 Id St.,Repartidor
47266920P,Rhea,Serrano,pellentesque@outlook.cat,+34 697475284,3093 A Av.,Gerent
48700088N,Melvin,Iba,donec.fringilla.donec@lasso.cat,+34 667573524,8324 Ullamcorper. Avenue,Cambrer
